39107400903.56,TO REFLECT LOCKHEED MARTIN CORPORATION AS THE NEW CONTRACTING PARTY IN AND TO THE CONTRACT DE-AC04-94AL85000
39107400903.56,UPDATE APPENDIX D: KEY PERSONNEL - SEE SCHEDULE
39107400903.56,UPDATE APPENDIX G: LIST OF APPLICABLE DIRECTIVES AND NNSA POLICY LETTERS
39107400903.56,UPDATE APPENDIX G  LIST OF APPLICABLE DIRECTIVES AND NNSA POLICY LETTERS AND UPDATE APPENDIX G-1  OPERATING REQUIREMENTS
39107400903.56,UPDATE TO APPENDIX D  KEY PERSONNEL
39107400903.56,UPDATE TO APPENDIX G - LIST OF APPLICABLE DIRECTIVES AND NNSA POLICY LETTERS
48716075771.00,MEDICAID ENTITLEMENT FOR 7 - FY 2018 QUARTER 2 - T19
48716075771.00,MEDICAID ENTITLEMENT FOR 7 - FY 2018 QUARTER 2 - T19
48716075771.00,MEDICAID ENTITLEMENT FOR 7 - FY 2018 QUARTER 2 - T19
48716075771.00,MEDICAID ENTITLEMENT FOR 7 - FY 2018 QUARTER 2 - T19
48716075771.00,MEDICAID ENTITLEMENT FOR 7 - FY 2018 QUARTER 2 - T19
48716075771.00,MEDICAID ENTITLEMENT FOR 7 - FY 2018 QUARTER 2 - T19
48716075771.00,MEDICAID ENTITLEMENT FOR 7 - FY 2018 QUARTER 2 - T19
48716075771.00,MEDICAID ENTITLEMENT FOR 7 - FY 2018 QUARTER 2 - T19
48716075771.00,MEDICAID ENTITLEMENT FOR 7 - FY 2018 QUARTER 2 - T19
48716075771.00,MEDICAID ENTITLEMENT FOR 7 - FY 2018 QUARTER 2 - T19
48716075771.00,MEDICAID ENTITLEMENT FOR 7 - FY 2018 QUARTER 2 - T19
48716075771.00,MEDICAID ENTITLEMENT FOR 7 - FY 2018 QUARTER 2 - T19
48716075771.00,MEDICAID ENTITLEMENT FOR CALIFORNIA - FY 2015 QUARTER 3 - T19
48716075771.00,MEDICAID ENTITLEMENT FOR CALIFORNIA - FY 2015 QUARTER 3 - T19
48716075771.00,MEDICAID ENTITLEMENT FOR CALIFORNIA - FY 2015 QUARTER 3 - T19
48716075771.00,MEDICAID ENTITLEMENT FOR CALIFORNIA - FY 2015 QUARTER 3 - T19
48716075771.00,MEDICAID ENTITLEMENT FOR CALIFORNIA - FY 2015 QUARTER 3 - T19
65304871650.00,MEDICAID ENTITLEMENT FOR 7 - FY 2018 QUARTER 3 - T19
65304871650.00,MEDICAID ENTITLEMENT FOR 7 - FY 2018 QUARTER 3 - T19
65304871650.00,MEDICAID ENTITLEMENT FOR 7 - FY 2018 QUARTER 3 - T19
65304871650.00,MEDICAID ENTITLEMENT FOR 7 - FY 2018 QUARTER 3 - T19
65304871650.00,MEDICAID ENTITLEMENT FOR 7 - FY 2018 QUARTER 3 - T19
65304871650.00,MEDICAID ENTITLEMENT FOR 7 - FY 2018 QUARTER 3 - T19
65304871650.00,MEDICAID ENTITLEMENT FOR 7 - FY 2018 QUARTER 3 - T19
